{"p_max": 100.0, "area": 1.0, "k": 0.009898957608663978, "a": 0.010137873522751724, "b": -8.422292496711407, "use_regression": true}