{"p_max": 5000.0, "area": 1.0, "k": 0.007658275703085782, "a": 0.008171764670706363, "b": -45.15816925094941, "use_regression": true}