{"p_max": 5000.0, "area": 1.0, "k": 0.007287332129160942, "a": 0.007067698713048776, "b": 18.37235027877898, "use_regression": true}