{"p_max": 5000.0, "area": 1.0, "k": 0.0072868519525175835, "a": 0.007065577687744476, "b": 18.52200368600188, "use_regression": true}