{"p_max": 100.0, "area": 1.0, "k": 0.004022948182203662, "a": 0.003947525368644886, "b": 6.523224861509902, "use_regression": true}