{"p_max": 10.0, "area": 0.08, "k": 0.04254732103191142, "a": 0.03847216626227158, "b": 210.60266021423422, "use_regression": true}