{"p_max": 5000.0, "area": 25.0, "k": 0.007286604311154039, "a": 0.007067572846374777, "b": 18.351375011434016, "use_regression": true}