{"p_max": 5000.0, "area": 25.0, "k": 0.007372285229503945, "a": 0.007460155909532259, "b": -7.214508965503455, "use_regression": true}