{"p_max": 5000.0, "area": 25.0, "k": 0.007443608667264128, "a": 0.006684034422143625, "b": 56.39420371022311, "use_regression": true}