{"p_max": 5000.0, "area": 25.0, "k": 0.0074473528780429595, "a": 0.006083126598720762, "b": 128.288603457735, "use_regression": true}