{"p_max": 5000.0, "area": 25.0, "k": 0.007355096657617688, "a": 0.00733021651581791, "b": 2.4401802333665046, "use_regression": true}