{"p_max": 5000.0, "area": 25.0, "k": 0.007804253828707437, "a": 0.010153346622776206, "b": -227.64578557942423, "use_regression": true}